msmarco-passage	bm25-rerank-judge	dbpedia-entity	0.3232248482264069
msmarco-passage	bm25-rerank-judge	nfcorpus	0.3463596321688772
msmarco-passage	bm25-rerank-judge	scidocs	0.16097268943065737
msmarco-passage	bm25-rerank-judge	trec-covid	0.7713549075420325
msmarco-passage	bm25-rerank-judge	webis-touche2020	0.2112904121894336
msmarco-passage	bm25-rerank-judge_expr	dbpedia-entity	0.3656425798528333
msmarco-passage	bm25-rerank-judge_expr	nfcorpus	0.3761328420098721
msmarco-passage	bm25-rerank-judge_expr	scidocs	0.20105747123023376
msmarco-passage	bm25-rerank-judge_expr	trec-covid	0.8366250961438059
msmarco-passage	bm25-rerank-judge_expr	webis-touche2020	0.27202856528391073
msmarco-passage	bm25-rerank-point	dbpedia-entity	0.3046365413069351
msmarco-passage	bm25-rerank-point	nfcorpus	0.3287517251774003
msmarco-passage	bm25-rerank-point	scidocs	0.16484685882933137
msmarco-passage	bm25-rerank-point	trec-covid	0.7804515701805886
msmarco-passage	bm25-rerank-point	webis-touche2020	0.17668377204593996
msmarco-passage	bm25-rerank-rankfirst	dbpedia-entity	0.4237336316529109
msmarco-passage	bm25-rerank-rankfirst	nfcorpus	0.37627621581120135
msmarco-passage	bm25-rerank-rankfirst	scidocs	0.1925705703332625
msmarco-passage	bm25-rerank-rankfirst	trec-covid	0.8544938438928075
msmarco-passage	bm25-rerank-rankfirst	webis-touche2020	0.34675036850507013
msmarco-passage	bm25-rerank-rankgpt	dbpedia-entity	0.4278926759371637
msmarco-passage	bm25-rerank-rankgpt	nfcorpus	0.3838508709639431
msmarco-passage	bm25-rerank-rankgpt	scidocs	0.20332029971182086
msmarco-passage	bm25-rerank-rankgpt	trec-covid	0.843488532977473
msmarco-passage	bm25-rerank-rankgpt	webis-touche2020	0.330124562172593
msmarco-passage	bm25-rerank-rankzephyr	dbpedia-entity	0.40551155499012487
msmarco-passage	bm25-rerank-rankzephyr	nfcorpus	0.32418087216719366
msmarco-passage	bm25-rerank-rankzephyr	scidocs	0.15337646341106437
msmarco-passage	bm25-rerank-rankzephyr	trec-covid	0.6590970141503182
msmarco-passage	bm25-rerank-rankzephyr	webis-touche2020	0.32961954611029026
msmarco-passage	bm25-rerank-setmaxheaptopk	dbpedia-entity	0.37767377803777613
msmarco-passage	bm25-rerank-setmaxheaptopk	nfcorpus	0.3604307007592173
msmarco-passage	bm25-rerank-setmaxheaptopk	scidocs	0.1834313365999829
msmarco-passage	bm25-rerank-setmaxheaptopk	trec-covid	0.7911176941079677
msmarco-passage	bm25-rerank-setmaxheaptopk	webis-touche2020	0.28866746984294034
msmarco-passage	bm25	arguana	0.41415220544161147
msmarco-passage	bm25	climate-fever	0.2128838438542001
msmarco-passage	bm25	dbpedia-entity	0.31280368631401695
msmarco-passage	bm25	fever	0.753047916565112
msmarco-passage	bm25	fiqa	0.23606680758494014
msmarco-passage	bm25	hotpotqa	0.6027461810086033
msmarco-passage	bm25	nfcorpus	0.32544986436868645
msmarco-passage	bm25	nq	0.32854331560677696
msmarco-passage	bm25	quora	0.7885500576616795
msmarco-passage	bm25	scidocs	0.1580720416635709
msmarco-passage	bm25	scifact	0.6647045224999925
msmarco-passage	bm25	trec-covid	0.6558539113480114
msmarco-passage	bm25	webis-touche2020	0.3672610089213845
msmarco-passage	colbert-small-rerank-judge	dbpedia-entity	0.3496287093579551
msmarco-passage	colbert-small-rerank-judge	nfcorpus	0.36152209435487725
msmarco-passage	colbert-small-rerank-judge	scidocs	0.15824995585421406
msmarco-passage	colbert-small-rerank-judge	trec-covid	0.7715318554772794
msmarco-passage	colbert-small-rerank-judge	webis-touche2020	0.2051143241045722
msmarco-passage	colbert-small-rerank-judge_expr	dbpedia-entity	0.39408921047768053
msmarco-passage	colbert-small-rerank-judge_expr	nfcorpus	0.3984519065310034
msmarco-passage	colbert-small-rerank-judge_expr	scidocs	0.20163438587434312
msmarco-passage	colbert-small-rerank-judge_expr	trec-covid	0.813777864680388
msmarco-passage	colbert-small-rerank-judge_expr	webis-touche2020	0.2720587566735222
msmarco-passage	colbert-small-rerank-point	dbpedia-entity	0.34095362989354727
msmarco-passage	colbert-small-rerank-point	nfcorpus	0.34963643092280006
msmarco-passage	colbert-small-rerank-point	scidocs	0.16774173009268847
msmarco-passage	colbert-small-rerank-point	trec-covid	0.7541263167373341
msmarco-passage	colbert-small-rerank-point	webis-touche2020	0.18383495073959763
msmarco-passage	colbert-small-rerank-rankfirst	dbpedia-entity	0.48574875851910726
msmarco-passage	colbert-small-rerank-rankfirst	nfcorpus	0.39001248842499303
msmarco-passage	colbert-small-rerank-rankfirst	scidocs	0.20278999469395212
msmarco-passage	colbert-small-rerank-rankfirst	trec-covid	0.8681583026904139
msmarco-passage	colbert-small-rerank-rankfirst	webis-touche2020	0.30917124348424047
msmarco-passage	colbert-small-rerank-rankgpt	dbpedia-entity	0.4903512621938883
msmarco-passage	colbert-small-rerank-rankgpt	nfcorpus	0.3992627200378402
msmarco-passage	colbert-small-rerank-rankgpt	scidocs	0.20771387627566304
msmarco-passage	colbert-small-rerank-rankgpt	trec-covid	0.8648807982158911
msmarco-passage	colbert-small-rerank-rankgpt	webis-touche2020	0.2693979020211731
msmarco-passage	colbert-small-rerank-rankzephyr	dbpedia-entity	0.47247317892046914
msmarco-passage	colbert-small-rerank-rankzephyr	nfcorpus	0.31660451321196564
msmarco-passage	colbert-small-rerank-rankzephyr	scidocs	0.17353830650592517
msmarco-passage	colbert-small-rerank-rankzephyr	trec-covid	0.8252632752223258
msmarco-passage	colbert-small-rerank-rankzephyr	webis-touche2020	0.19004156535600777
msmarco-passage	colbert-small-rerank-setmaxheaptopk	dbpedia-entity	0.42520276147868963
msmarco-passage	colbert-small-rerank-setmaxheaptopk	nfcorpus	0.37025125054630703
msmarco-passage	colbert-small-rerank-setmaxheaptopk	scidocs	0.1876906974788154
msmarco-passage	colbert-small-rerank-setmaxheaptopk	trec-covid	0.789073539355348
msmarco-passage	colbert-small-rerank-setmaxheaptopk	webis-touche2020	0.2307319467234996
msmarco-passage	colbert-small	arguana	0.34344286793097173
msmarco-passage	colbert-small	climate-fever	0.2824211072424761
msmarco-passage	colbert-small	dbpedia-entity	0.415014885890438
msmarco-passage	colbert-small	fever	0.8700695048190373
msmarco-passage	colbert-small	fiqa	0.37483935342560193
msmarco-passage	colbert-small	hotpotqa	0.7296106345250044
msmarco-passage	colbert-small	nfcorpus	0.3240750840698542
msmarco-passage	colbert-small	nq	0.5566505226153982
msmarco-passage	colbert-small	quora	0.8526103442859748
msmarco-passage	colbert-small	scidocs	0.17251562818676786
msmarco-passage	colbert-small	scifact	0.7201359627282204
msmarco-passage	colbert-small	trec-covid	0.8184343078094026
msmarco-passage	colbert-small	webis-touche2020	0.21363731021642196
msmarco-passage	nomicai-modernbert-embed-rerank-judge	dbpedia-entity	0.36325105241109584
msmarco-passage	nomicai-modernbert-embed-rerank-judge	nfcorpus	0.36588697477772025
msmarco-passage	nomicai-modernbert-embed-rerank-judge	scidocs	0.16380050237663454
msmarco-passage	nomicai-modernbert-embed-rerank-judge	trec-covid	0.780731101543723
msmarco-passage	nomicai-modernbert-embed-rerank-judge	webis-touche2020	0.20375355398261213
msmarco-passage	nomicai-modernbert-embed-rerank-judge_expr	dbpedia-entity	0.412673062878315
msmarco-passage	nomicai-modernbert-embed-rerank-judge_expr	nfcorpus	0.3982629886047756
msmarco-passage	nomicai-modernbert-embed-rerank-judge_expr	scidocs	0.20996084533325204
msmarco-passage	nomicai-modernbert-embed-rerank-judge_expr	trec-covid	0.8202289874696398
msmarco-passage	nomicai-modernbert-embed-rerank-judge_expr	webis-touche2020	0.263900179535646
msmarco-passage	nomicai-modernbert-embed-rerank-point	dbpedia-entity	0.36200232094293144
msmarco-passage	nomicai-modernbert-embed-rerank-point	nfcorpus	0.3647723248965354
msmarco-passage	nomicai-modernbert-embed-rerank-point	scidocs	0.17290456751926878
msmarco-passage	nomicai-modernbert-embed-rerank-point	trec-covid	0.7855487152360041
msmarco-passage	nomicai-modernbert-embed-rerank-point	webis-touche2020	0.17005480554894095
msmarco-passage	nomicai-modernbert-embed-rerank-rankfirst	dbpedia-entity	0.5014710925229068
msmarco-passage	nomicai-modernbert-embed-rerank-rankfirst	nfcorpus	0.392272476903239
msmarco-passage	nomicai-modernbert-embed-rerank-rankfirst	scidocs	0.20378849528643772
msmarco-passage	nomicai-modernbert-embed-rerank-rankfirst	trec-covid	0.8846619304414379
msmarco-passage	nomicai-modernbert-embed-rerank-rankfirst	webis-touche2020	0.31972050612843883
msmarco-passage	nomicai-modernbert-embed-rerank-rankgpt	dbpedia-entity	0.5058375523972272
msmarco-passage	nomicai-modernbert-embed-rerank-rankgpt	nfcorpus	0.40197425952788046
msmarco-passage	nomicai-modernbert-embed-rerank-rankgpt	scidocs	0.21244934791061107
msmarco-passage	nomicai-modernbert-embed-rerank-rankgpt	trec-covid	0.8663407392002882
msmarco-passage	nomicai-modernbert-embed-rerank-rankgpt	webis-touche2020	0.3079766766273409
msmarco-passage	nomicai-modernbert-embed-rerank-rankzephyr	dbpedia-entity	0.48260095004214115
msmarco-passage	nomicai-modernbert-embed-rerank-rankzephyr	nfcorpus	0.3315293933524421
msmarco-passage	nomicai-modernbert-embed-rerank-rankzephyr	scidocs	0.17928406567990005
msmarco-passage	nomicai-modernbert-embed-rerank-rankzephyr	trec-covid	0.8428587680913047
msmarco-passage	nomicai-modernbert-embed-rerank-rankzephyr	webis-touche2020	0.2640505905761061
msmarco-passage	nomicai-modernbert-embed-rerank-setmaxheaptopk	dbpedia-entity	0.4440752669783133
msmarco-passage	nomicai-modernbert-embed-rerank-setmaxheaptopk	nfcorpus	0.3789096076572363
msmarco-passage	nomicai-modernbert-embed-rerank-setmaxheaptopk	scidocs	0.19559058197304463
msmarco-passage	nomicai-modernbert-embed-rerank-setmaxheaptopk	trec-covid	0.79448478352439
msmarco-passage	nomicai-modernbert-embed-rerank-setmaxheaptopk	webis-touche2020	0.23824530453513737
msmarco-passage	nomicai-modernbert-embed	arguana	0.3719060765789846
msmarco-passage	nomicai-modernbert-embed	climate-fever	0.3562347877174392
msmarco-passage	nomicai-modernbert-embed	dbpedia-entity	0.41540438392730755
msmarco-passage	nomicai-modernbert-embed	fever	0.8736452687117034
msmarco-passage	nomicai-modernbert-embed	fiqa	0.40623741537662117
msmarco-passage	nomicai-modernbert-embed	hotpotqa	0.671204595718002
msmarco-passage	nomicai-modernbert-embed	nfcorpus	0.3343314311946019
msmarco-passage	nomicai-modernbert-embed	nq	0.6214660427382158
msmarco-passage	nomicai-modernbert-embed	quora	0.8749298630483938
msmarco-passage	nomicai-modernbert-embed	scidocs	0.1861825815020762
msmarco-passage	nomicai-modernbert-embed	scifact	0.6963492295777249
msmarco-passage	nomicai-modernbert-embed	trec-covid	0.8432909581954898
msmarco-passage	nomicai-modernbert-embed	webis-touche2020	0.3188341792243895
msmarco-passage	qwen3-embed-600m-rerank-judge	dbpedia-entity	0.3807355351534963
msmarco-passage	qwen3-embed-600m-rerank-judge	nfcorpus	0.3802212142840536
msmarco-passage	qwen3-embed-600m-rerank-judge	scidocs	0.11446325784129928
msmarco-passage	qwen3-embed-600m-rerank-judge	trec-covid	0.8163139909544221
msmarco-passage	qwen3-embed-600m-rerank-judge	webis-touche2020	0.21484788491268295
msmarco-passage	qwen3-embed-600m-rerank-judge_expr	dbpedia-entity	0.4230973642642279
msmarco-passage	qwen3-embed-600m-rerank-judge_expr	nfcorpus	0.41414115427486203
msmarco-passage	qwen3-embed-600m-rerank-judge_expr	scidocs	0.14732653339648835
msmarco-passage	qwen3-embed-600m-rerank-judge_expr	trec-covid	0.8615626314709582
msmarco-passage	qwen3-embed-600m-rerank-judge_expr	webis-touche2020	0.2818152795163519
msmarco-passage	qwen3-embed-600m-rerank-point	dbpedia-entity	0.3753261362016781
msmarco-passage	qwen3-embed-600m-rerank-point	nfcorpus	0.37582695087984075
msmarco-passage	qwen3-embed-600m-rerank-point	scidocs	0.16398209786022286
msmarco-passage	qwen3-embed-600m-rerank-point	trec-covid	0.7942014358346475
msmarco-passage	qwen3-embed-600m-rerank-point	webis-touche2020	0.17004101064409716
msmarco-passage	qwen3-embed-600m-rerank-rankfirst	dbpedia-entity	0.5025200297486301
msmarco-passage	qwen3-embed-600m-rerank-rankfirst	nfcorpus	0.4085270425454412
msmarco-passage	qwen3-embed-600m-rerank-rankfirst	scidocs	0.21709609096331886
msmarco-passage	qwen3-embed-600m-rerank-rankfirst	trec-covid	0.9166523076444305
msmarco-passage	qwen3-embed-600m-rerank-rankfirst	webis-touche2020	0.3203876839738086
msmarco-passage	qwen3-embed-600m-rerank-rankgpt	dbpedia-entity	0.5047832292402755
msmarco-passage	qwen3-embed-600m-rerank-rankgpt	nfcorpus	0.42898036341248497
msmarco-passage	qwen3-embed-600m-rerank-rankgpt	scidocs	0.2247674550218868
msmarco-passage	qwen3-embed-600m-rerank-rankgpt	trec-covid	0.8994666097201163
msmarco-passage	qwen3-embed-600m-rerank-rankgpt	webis-touche2020	0.3190591563457483
msmarco-passage	qwen3-embed-600m-rerank-rankzephyr	dbpedia-entity	0.49374372391333776
msmarco-passage	qwen3-embed-600m-rerank-rankzephyr	nfcorpus	0.34477314132442044
msmarco-passage	qwen3-embed-600m-rerank-rankzephyr	scidocs	0.22612477071176798
msmarco-passage	qwen3-embed-600m-rerank-rankzephyr	trec-covid	0.8882008213977559
msmarco-passage	qwen3-embed-600m-rerank-rankzephyr	webis-touche2020	0.2575555524947885
msmarco-passage	qwen3-embed-600m-rerank-setmaxheaptopk	dbpedia-entity	0.45299705953594377
msmarco-passage	qwen3-embed-600m-rerank-setmaxheaptopk	nfcorpus	0.3920289180935729
msmarco-passage	qwen3-embed-600m-rerank-setmaxheaptopk	scidocs	0.2073499341471057
msmarco-passage	qwen3-embed-600m-rerank-setmaxheaptopk	trec-covid	0.8155054610642787
msmarco-passage	qwen3-embed-600m-rerank-setmaxheaptopk	webis-touche2020	0.2929503807164462
msmarco-passage	qwen3-embed-600m	arguana	0.45530399679514133
msmarco-passage	qwen3-embed-600m	climate-fever	0.36161634640326845
msmarco-passage	qwen3-embed-600m	dbpedia-entity	0.3947250377111234
msmarco-passage	qwen3-embed-600m	fever	0.8591073081760121
msmarco-passage	qwen3-embed-600m	fiqa	0.4618348999022882
msmarco-passage	qwen3-embed-600m	hotpotqa	0.6515253414490937
msmarco-passage	qwen3-embed-600m	nfcorpus	0.35739350868485775
msmarco-passage	qwen3-embed-600m	nq	0.5290952779207809
msmarco-passage	qwen3-embed-600m	quora	0.8740359128423987
msmarco-passage	qwen3-embed-600m	scidocs	0.22863520463236042
msmarco-passage	qwen3-embed-600m	scifact	0.6898350813066902
msmarco-passage	qwen3-embed-600m	trec-covid	0.8756532881421577
msmarco-passage	qwen3-embed-600m	webis-touche2020	0.2764307671396095
msmarco-passage	splade-v3-rerank-judge	dbpedia-entity	0.3475469066084436
msmarco-passage	splade-v3-rerank-judge	nfcorpus	0.3614552365714969
msmarco-passage	splade-v3-rerank-judge	scidocs	0.15805544519897075
msmarco-passage	splade-v3-rerank-judge	trec-covid	0.7496825201372995
msmarco-passage	splade-v3-rerank-judge	webis-touche2020	0.19637977072981927
msmarco-passage	splade-v3-rerank-judge_expr	dbpedia-entity	0.40510504700606864
msmarco-passage	splade-v3-rerank-judge_expr	nfcorpus	0.39025926153696855
msmarco-passage	splade-v3-rerank-judge_expr	scidocs	0.2002749401116052
msmarco-passage	splade-v3-rerank-judge_expr	trec-covid	0.8032449930020075
msmarco-passage	splade-v3-rerank-judge_expr	webis-touche2020	0.2801517129965185
msmarco-passage	splade-v3-rerank-point	dbpedia-entity	0.3340917354184602
msmarco-passage	splade-v3-rerank-point	nfcorpus	0.34286937082212054
msmarco-passage	splade-v3-rerank-point	scidocs	0.16626233905209437
msmarco-passage	splade-v3-rerank-point	trec-covid	0.7323120030132685
msmarco-passage	splade-v3-rerank-point	webis-touche2020	0.18808057726803384
msmarco-passage	splade-v3-rerank-rankfirst	dbpedia-entity	0.5150831040245092
msmarco-passage	splade-v3-rerank-rankfirst	nfcorpus	0.38307861336877147
msmarco-passage	splade-v3-rerank-rankfirst	scidocs	0.19948401725242154
msmarco-passage	splade-v3-rerank-rankfirst	trec-covid	0.8497192557774664
msmarco-passage	splade-v3-rerank-rankfirst	webis-touche2020	0.3485548506084776
msmarco-passage	splade-v3-rerank-rankgpt	dbpedia-entity	0.50714497680185
msmarco-passage	splade-v3-rerank-rankgpt	nfcorpus	0.4052925030530084
msmarco-passage	splade-v3-rerank-rankgpt	scidocs	0.20145992189135128
msmarco-passage	splade-v3-rerank-rankgpt	trec-covid	0.8663242608188743
msmarco-passage	splade-v3-rerank-rankgpt	webis-touche2020	0.33052924290139696
msmarco-passage	splade-v3-rerank-rankzephyr	dbpedia-entity	0.4904621095447483
msmarco-passage	splade-v3-rerank-rankzephyr	nfcorpus	0.3516337059178939
msmarco-passage	splade-v3-rerank-rankzephyr	scidocs	0.14132562655577513
msmarco-passage	splade-v3-rerank-rankzephyr	trec-covid	0.6702097012361388
msmarco-passage	splade-v3-rerank-rankzephyr	webis-touche2020	0.3202709912570593
msmarco-passage	splade-v3-rerank-setmaxheaptopk	dbpedia-entity	0.4438874941296225
msmarco-passage	splade-v3-rerank-setmaxheaptopk	nfcorpus	0.3730751495668161
msmarco-passage	splade-v3-rerank-setmaxheaptopk	scidocs	0.18631821288971057
msmarco-passage	splade-v3-rerank-setmaxheaptopk	trec-covid	0.7748781229957541
msmarco-passage	splade-v3-rerank-setmaxheaptopk	webis-touche2020	0.2924242663611129
msmarco-passage	splade-v3	arguana	0.3524312240673306
msmarco-passage	splade-v3	climate-fever	0.25303340641385125
msmarco-passage	splade-v3	dbpedia-entity	0.44188147294643515
msmarco-passage	splade-v3	fever	0.7912496644059919
msmarco-passage	splade-v3	fiqa	0.3796021895318771
msmarco-passage	splade-v3	hotpotqa	0.686684664755824
msmarco-passage	splade-v3	nfcorpus	0.35864602541774493
msmarco-passage	splade-v3	nq	0.5868582255660022
msmarco-passage	splade-v3	quora	0.8139649570010564
msmarco-passage	splade-v3	scidocs	0.14525022842246424
msmarco-passage	splade-v3	scifact	0.6947393116738105
msmarco-passage	splade-v3	trec-covid	0.6668654543184738
msmarco-passage	splade-v3	webis-touche2020	0.3591219327378846
msmarco-passage	bm25-rerank-judge	trec-dl-2019	0.6487891735767463
msmarco-passage	bm25-rerank-judge	trec-dl-2020	0.5969772796664169
msmarco-passage	bm25-rerank-judge_expr	trec-dl-2019	0.7017736438960751
msmarco-passage	bm25-rerank-judge_expr	trec-dl-2020	0.6544192841511568
msmarco-passage	bm25-rerank-point	trec-dl-2019	0.629814957970125
msmarco-passage	bm25-rerank-point	trec-dl-2020	0.6080611558764935
msmarco-passage	bm25-rerank-rankfirst	trec-dl-2019	0.7283775438237213
msmarco-passage	bm25-rerank-rankfirst	trec-dl-2020	0.7035123667980306
msmarco-passage	bm25-rerank-rankgpt	trec-dl-2019	0.7442431225552845
msmarco-passage	bm25-rerank-rankgpt	trec-dl-2020	0.6880186327729206
msmarco-passage	bm25-rerank-rankzephyr	trec-dl-2019	0.7378001564449244
msmarco-passage	bm25-rerank-rankzephyr	trec-dl-2020	0.7043900418127096
msmarco-passage	bm25-rerank-setmaxheaptopk	trec-dl-2019	0.7074417250659303
msmarco-passage	bm25-rerank-setmaxheaptopk	trec-dl-2020	0.6641154569890211
msmarco-passage	bm25	trec-dl-2019	0.505831002439907
msmarco-passage	bm25	trec-dl-2020	0.47963667242526753
msmarco-passage	colbert-small-rerank-judge	trec-dl-2019	0.664283654407764
msmarco-passage	colbert-small-rerank-judge	trec-dl-2020	0.647260497655185
msmarco-passage	colbert-small-rerank-judge_expr	trec-dl-2019	0.7152606322582492
msmarco-passage	colbert-small-rerank-judge_expr	trec-dl-2020	0.7154653058202757
msmarco-passage	colbert-small-rerank-point	trec-dl-2019	0.6452132599563755
msmarco-passage	colbert-small-rerank-point	trec-dl-2020	0.6442328513028021
msmarco-passage	colbert-small-rerank-rankfirst	trec-dl-2019	0.7716793874731467
msmarco-passage	colbert-small-rerank-rankfirst	trec-dl-2020	0.7821080201856717
msmarco-passage	colbert-small-rerank-rankgpt	trec-dl-2019	0.7655884833762956
msmarco-passage	colbert-small-rerank-rankgpt	trec-dl-2020	0.7838927290774118
msmarco-passage	colbert-small-rerank-rankzephyr	trec-dl-2019	0.7683173737405443
msmarco-passage	colbert-small-rerank-rankzephyr	trec-dl-2020	0.7931493723126484
msmarco-passage	colbert-small-rerank-setmaxheaptopk	trec-dl-2019	0.7422058518533774
msmarco-passage	colbert-small-rerank-setmaxheaptopk	trec-dl-2020	0.7375626306630966
msmarco-passage	colbert-small	trec-dl-2019	0.7212563910037677
msmarco-passage	colbert-small	trec-dl-2020	0.7127923154265665
msmarco-passage	nomicai-modernbert-embed-rerank-judge	trec-dl-2019	0.6566663727898908
msmarco-passage	nomicai-modernbert-embed-rerank-judge	trec-dl-2020	0.6346775074575018
msmarco-passage	nomicai-modernbert-embed-rerank-judge_expr	trec-dl-2019	0.6999291665936166
msmarco-passage	nomicai-modernbert-embed-rerank-judge_expr	trec-dl-2020	0.6949924234897256
msmarco-passage	nomicai-modernbert-embed-rerank-point	trec-dl-2019	0.6479130071229143
msmarco-passage	nomicai-modernbert-embed-rerank-point	trec-dl-2020	0.6445664816756561
msmarco-passage	nomicai-modernbert-embed-rerank-rankfirst	trec-dl-2019	0.7550870819652221
msmarco-passage	nomicai-modernbert-embed-rerank-rankfirst	trec-dl-2020	0.7525821054089837
msmarco-passage	nomicai-modernbert-embed-rerank-rankgpt	trec-dl-2019	0.7809304367155785
msmarco-passage	nomicai-modernbert-embed-rerank-rankgpt	trec-dl-2020	0.7492758485535026
msmarco-passage	nomicai-modernbert-embed-rerank-rankzephyr	trec-dl-2019	0.7737684226825015
msmarco-passage	nomicai-modernbert-embed-rerank-rankzephyr	trec-dl-2020	0.7675599422967488
msmarco-passage	nomicai-modernbert-embed-rerank-setmaxheaptopk	trec-dl-2019	0.7330336524245203
msmarco-passage	nomicai-modernbert-embed-rerank-setmaxheaptopk	trec-dl-2020	0.7471610173214042
msmarco-passage	nomicai-modernbert-embed	trec-dl-2019	0.6959850483657173
msmarco-passage	nomicai-modernbert-embed	trec-dl-2020	0.693301249431939
msmarco-passage	qwen3-embed-600m-rerank-judge	trec-dl-2019	0.6533462672999463
msmarco-passage	qwen3-embed-600m-rerank-judge	trec-dl-2020	0.6365087304423054
msmarco-passage	qwen3-embed-600m-rerank-judge_expr	trec-dl-2019	0.707393380406616
msmarco-passage	qwen3-embed-600m-rerank-judge_expr	trec-dl-2020	0.6892336283080621
msmarco-passage	qwen3-embed-600m-rerank-point	trec-dl-2019	0.6456762997593793
msmarco-passage	qwen3-embed-600m-rerank-point	trec-dl-2020	0.6279709620930467
msmarco-passage	qwen3-embed-600m-rerank-rankfirst	trec-dl-2019	0.7383131195913534
msmarco-passage	qwen3-embed-600m-rerank-rankfirst	trec-dl-2020	0.7624212068982774
msmarco-passage	qwen3-embed-600m-rerank-rankgpt	trec-dl-2019	0.7497509810329831
msmarco-passage	qwen3-embed-600m-rerank-rankgpt	trec-dl-2020	0.7514834382999388
msmarco-passage	qwen3-embed-600m-rerank-rankzephyr	trec-dl-2019	0.7566900456398262
msmarco-passage	qwen3-embed-600m-rerank-rankzephyr	trec-dl-2020	0.7685593825432981
msmarco-passage	qwen3-embed-600m-rerank-setmaxheaptopk	trec-dl-2019	0.7141894537525915
msmarco-passage	qwen3-embed-600m-rerank-setmaxheaptopk	trec-dl-2020	0.7106568399402797
msmarco-passage	qwen3-embed-600m	trec-dl-2019	0.6693248705622059
msmarco-passage	qwen3-embed-600m	trec-dl-2020	0.6764775439042064
msmarco-passage	splade-v3-rerank-judge	trec-dl-2019	0.6625101698566569
msmarco-passage	splade-v3-rerank-judge	trec-dl-2020	0.6598564852859305
msmarco-passage	splade-v3-rerank-judge_expr	trec-dl-2019	0.7180419559411482
msmarco-passage	splade-v3-rerank-judge_expr	trec-dl-2020	0.7040210201405529
msmarco-passage	splade-v3-rerank-point	trec-dl-2019	0.64167860011029
msmarco-passage	splade-v3-rerank-point	trec-dl-2020	0.6365224065127089
msmarco-passage	splade-v3-rerank-rankfirst	trec-dl-2019	0.7654751376166582
msmarco-passage	splade-v3-rerank-rankfirst	trec-dl-2020	0.7820148767466825
msmarco-passage	splade-v3-rerank-rankgpt	trec-dl-2019	0.7676473960737638
msmarco-passage	splade-v3-rerank-rankgpt	trec-dl-2020	0.765185234820441
msmarco-passage	splade-v3-rerank-rankzephyr	trec-dl-2019	0.7747742415992456
msmarco-passage	splade-v3-rerank-rankzephyr	trec-dl-2020	0.7858205325311978
msmarco-passage	splade-v3-rerank-setmaxheaptopk	trec-dl-2019	0.7495123847291514
msmarco-passage	splade-v3-rerank-setmaxheaptopk	trec-dl-2020	0.7420502661447657
msmarco-passage	splade-v3	trec-dl-2019	0.726979737338194
msmarco-passage	splade-v3	trec-dl-2020	0.7535522360794774
